{
    "potentials": [
        {
            "angular_momentum": [
                3
            ],
            "coefficients": [
                [
                    "-15.8059920"
                ]
            ],
            "ecp_type": "scalar_ecp",
            "r_exponents": [
                2
            ],
            "gaussian_exponents": [
                "4.6339750"
            ]
        },
        {
            "angular_momentum": [
                0
            ],
            "coefficients": [
                [
                    "135.4794300",
                    "17.5344630",
                    "15.8059920"
                ]
            ],
            "ecp_type": "scalar_ecp",
            "r_exponents": [
                2,
                2,
                2
            ],
            "gaussian_exponents": [
                "7.4000740",
                "3.6063790",
                "4.6339750"
            ]
        },
        {
            "angular_momentum": [
                1
            ],
            "coefficients": [
                [
                    "88.3597090",
                    "15.3943720",
                    "15.8059920"
                ]
            ],
            "ecp_type": "scalar_ecp",
            "r_exponents": [
                2,
                2,
                2
            ],
            "gaussian_exponents": [
                "6.4848680",
                "3.2880530",
                "4.6339750"
            ]
        },
        {
            "angular_momentum": [
                2
            ],
            "coefficients": [
                [
                    "29.8889870",
                    "6.6594140",
                    "15.8059920"
                ]
            ],
            "ecp_type": "scalar_ecp",
            "r_exponents": [
                2,
                2,
                2
            ],
            "gaussian_exponents": [
                "4.6228410",
                "2.2469040",
                "4.6339750"
            ]
        }
    ]
}
