{
    "potentials": [
        {
            "angular_momentum": [
                3
            ],
            "coefficients": [
                [
                    "-15.74545000",
                    "-20.74244800"
                ]
            ],
            "ecp_type": "scalar_ecp",
            "r_exponents": [
                2,
                2
            ],
            "gaussian_exponents": [
                "15.20616800",
                "15.20170200"
            ]
        },
        {
            "angular_momentum": [
                0
            ],
            "coefficients": [
                [
                    "281.04584300",
                    "61.62065600",
                    "15.74545000",
                    "20.74244800"
                ]
            ],
            "ecp_type": "scalar_ecp",
            "r_exponents": [
                2,
                2,
                2,
                2
            ],
            "gaussian_exponents": [
                "16.81447300",
                "8.79352600",
                "15.20616800",
                "15.20170200"
            ]
        },
        {
            "angular_momentum": [
                1
            ],
            "coefficients": [
                [
                    "67.44946400",
                    "134.90430400",
                    "14.68954700",
                    "29.41506300",
                    "15.74545000",
                    "20.74244800"
                ]
            ],
            "ecp_type": "scalar_ecp",
            "r_exponents": [
                2,
                2,
                2,
                2,
                2,
                2
            ],
            "gaussian_exponents": [
                "14.87780100",
                "14.26973100",
                "8.72443500",
                "8.29151500",
                "15.20616800",
                "15.20170200"
            ]
        },
        {
            "angular_momentum": [
                2
            ],
            "coefficients": [
                [
                    "35.43205700",
                    "53.13568700",
                    "9.06980200",
                    "13.12230400",
                    "15.74545000",
                    "20.74244800"
                ]
            ],
            "ecp_type": "scalar_ecp",
            "r_exponents": [
                2,
                2,
                2,
                2,
                2,
                2
            ],
            "gaussian_exponents": [
                "15.20500800",
                "15.22584800",
                "6.07176900",
                "5.80476000",
                "15.20616800",
                "15.20170200"
            ]
        }
    ]
}
